{"VEHICLE": {"1": {"ADE": 0.5828258618978834, "FDE": [0.2126306355228457, 0.4161780656307616, 0.6632963758227904, 0.977238992179029, 1.3626722432559506, 1.8152080440407572, 2.338664723112005, 2.9283079526989906], "coll_score": [0.026555093005299568, 0.029167069122195244, 0.032601334154605865, 0.03458450362086296, 0.03980845585465431, 0.04720905423164368, 0.053835734724998474, 0.05765695869922638]}, "2": {"ADE": 0.43019907156563236, "FDE": [0.18843920084675833, 0.33133587428646016, 0.4992997390894586, 0.7182337695629356, 0.9909212923005722, 1.312485141322212, 1.684506638225949, 2.103069292790147], "coll_score": [0.028477037325501442, 0.03151353821158409, 0.0333479680120945, 0.034742582589387894, 0.03847016021609306, 0.04383767396211624, 0.048368021845817566, 0.05158081650733948]}, "3": {"ADE": 0.3991001759628763, "FDE": [0.1821941400486781, 0.31067440592205425, 0.4608486520582565, 0.6607479807273108, 0.9105604987888996, 1.204565389474296, 1.5468643717916735, 1.9305902399490755], "coll_score": [0.028949948027729988, 0.03202605992555618, 0.033468518406152725, 0.03464711830019951, 0.03739679232239723, 0.04210581257939339, 0.04639758542180061, 0.049338940531015396]}, "5": {"ADE": 0.35852174224671646, "FDE": [0.17420329979406637, 0.2858571663958681, 0.415069115807593, 0.5910975365682306, 0.8107152420264209, 1.0687197742201986, 1.367868344904713, 1.7038886770319897], "coll_score": [0.02905977889895439, 0.032915953546762466, 0.03411116078495979, 0.0351710207760334, 0.03788909688591957, 0.042150963097810745, 0.046548958867788315, 0.04876299947500229]}, "6": {"ADE": 0.34443885420287873, "FDE": [0.1710462459048409, 0.27563517634528567, 0.39683866342982305, 0.5639601853837589, 0.774298041344573, 1.0200338089581342, 1.3060017048862655, 1.627362083179432], "coll_score": [0.028899822384119034, 0.032830335199832916, 0.03402870148420334, 0.03518510237336159, 0.03777617588639259, 0.04221262037754059, 0.046703290194272995, 0.049170490354299545]}, "10": {"ADE": 0.3363830741707528, "FDE": [0.17032472946173055, 0.27147835943812865, 0.3882328698278626, 0.5496378057351288, 0.7531908495254729, 0.9910535583779001, 1.2674393732805722, 1.5781103474401414], "coll_score": [0.029208673164248466, 0.03331657871603966, 0.03444735333323479, 0.035504475235939026, 0.038281723856925964, 0.042288023978471756, 0.04671291634440422, 0.04933825507760048]}, "20": {"ADE": 0.3321218575220079, "FDE": [0.17008137743988663, 0.2698419667161738, 0.38413907852950846, 0.5425496465748406, 0.7420664451214165, 0.9755633584933002, 1.2458972882915058, 1.5493560900136882], "coll_score": [0.029240578413009644, 0.03351927176117897, 0.03459320589900017, 0.03574439138174057, 0.03821002319455147, 0.04216351732611656, 0.04646684229373932, 0.04924195259809494]}}, "PEDESTRIAN": {"1": {"ADE": 0.1942603057661867, "FDE": [0.0738538004681955, 0.1622775580212961, 0.26109517988815806, 0.3720955999536452, 0.4943460920745251, 0.62817259894477, 0.772144676657284, 0.927854102639591], "coll_score": [0.12715592980384827, 0.12806367874145508, 0.12904126942157745, 0.12946023046970367, 0.13455763459205627, 0.13623350858688354, 0.14244815707206726, 0.1423783302307129]}, "2": {"ADE": 0.1528820532755135, "FDE": [0.06401019320768468, 0.13299911062701855, 0.20989520527958092, 0.29487126743092257, 0.38763414470198887, 0.4882038664973639, 0.5957379504434424, 0.7105363354651757], "coll_score": [0.12719279527664185, 0.130585178732872, 0.13195981085300446, 0.13453182578086853, 0.13925687968730927, 0.1415579617023468, 0.14626406133174896, 0.14774157106876373]}, "3": {"ADE": 0.14338670792922475, "FDE": [0.060859200284371966, 0.12428617514815984, 0.19550872939864014, 0.274716559516059, 0.3610014161253287, 0.4545226038515178, 0.5550433863222209, 0.6617869268679152], "coll_score": [0.12656927108764648, 0.12865298986434937, 0.13057616353034973, 0.1334301084280014, 0.13796375691890717, 0.14108815789222717, 0.14464832842350006, 0.14639583230018616]}, "5": {"ADE": 0.13789563147850287, "FDE": [0.05929113665437387, 0.11984005734811422, 0.188121431388107, 0.2637858409507602, 0.345879662706961, 0.43473974115708297, 0.5303632860869364, 0.6319754876030816], "coll_score": [0.12690284848213196, 0.13001427054405212, 0.13324397802352905, 0.13608603179454803, 0.14011871814727783, 0.14266759157180786, 0.14512276649475098, 0.1472141593694687]}, "6": {"ADE": 0.13666042140885895, "FDE": [0.05871309523488961, 0.11851622089061861, 0.18606302597943475, 0.2610230257620219, 0.34233540753133934, 0.4302954203786414, 0.5248288916294871, 0.6251705059974022], "coll_score": [0.1270732879638672, 0.1306360512971878, 0.13381066918373108, 0.1364860087633133, 0.14043466746807098, 0.1427483856678009, 0.14557933807373047, 0.14779002964496613]}, "10": {"ADE": 0.13435057858236474, "FDE": [0.05830920331618365, 0.11720536337958441, 0.1834721630071503, 0.2567605999715967, 0.3360012281330582, 0.4217241830763474, 0.5142013844010097, 0.6117631445990669], "coll_score": [0.12692175805568695, 0.13107740879058838, 0.13430437445640564, 0.13684937357902527, 0.14048537611961365, 0.14276625216007233, 0.1452515721321106, 0.1470816731452942]}, "20": {"ADE": 0.13221981148314632, "FDE": [0.05786746261945737, 0.11583562564226536, 0.18107441135481292, 0.2528131497451683, 0.33026838564405253, 0.4139311839084999, 0.5042121388553794, 0.5997979870964499], "coll_score": [0.126850426197052, 0.13072657585144043, 0.13401386141777039, 0.13672977685928345, 0.14026446640491486, 0.14275628328323364, 0.14492769539356232, 0.14654074609279633]}}}