{"VEHICLE": {"1": {"ADE": 0.6474438711858135, "FDE": [0.2692044256180251, 0.5163174858993779, 0.7975980577430056, 1.1512117535968343, 1.574893731437136, 2.059092456104283, 2.6116963870069, 3.2210814187970707], "coll_score": [0.026555093005299568, 0.029167069122195244, 0.032601334154605865, 0.03458450362086296, 0.03980845585465431, 0.04720905423164368, 0.053835734724998474, 0.05765695869922638]}, "2": {"ADE": 0.47713012894590484, "FDE": [0.23535416049446164, 0.40496985106627764, 0.5953456027011441, 0.8416527281416223, 1.1367217418724551, 1.4709479638781506, 1.8490957572065307, 2.261122142604979], "coll_score": [0.028477033600211143, 0.03151354193687439, 0.0333479680120945, 0.03474258631467819, 0.03847016021609306, 0.043837662786245346, 0.04839280620217323, 0.051558710634708405]}, "3": {"ADE": 0.43604851451754584, "FDE": [0.22571383946128978, 0.3748195535957675, 0.5404015739421366, 0.7597546203660219, 1.0244066558789982, 1.3230683518312556, 1.6623268784033745, 2.031187538916223], "coll_score": [0.028949948027729988, 0.03202606365084648, 0.033468522131443024, 0.03464712202548981, 0.03741219639778137, 0.04210581257939339, 0.046381305903196335, 0.0493389368057251]}, "5": {"ADE": 0.40051182587003525, "FDE": [0.21813812193123713, 0.3513174517135541, 0.49706172008657207, 0.6936636120195543, 0.9296447186991533, 1.1949578232909477, 1.4953241120543703, 1.8194781106615823], "coll_score": [0.029059775173664093, 0.032915953546762466, 0.03411116451025009, 0.035171009600162506, 0.037889089435338974, 0.04215097054839134, 0.04655890539288521, 0.0487532913684845]}, "6": {"ADE": 0.3887598082557273, "FDE": [0.21542317970839023, 0.3424768108066933, 0.48088088260093026, 0.6694587971546259, 0.8970499155472736, 1.1516737793647427, 1.440426460817651, 1.7515047339020013], "coll_score": [0.028899818658828735, 0.032830335199832916, 0.03402167186141014, 0.03518509492278099, 0.037776172161102295, 0.042219728231430054, 0.0466950386762619, 0.04917765408754349]}, "10": {"ADE": 0.38120488132396724, "FDE": [0.21484163507013357, 0.3385968367407541, 0.4722254661919274, 0.6550253016616833, 0.8756203460294124, 1.122404347508142, 1.4011021242995816, 1.7008327788590265], "coll_score": [0.029208678752183914, 0.03331150859594345, 0.03444735333323479, 0.03550448268651962, 0.03828731179237366, 0.04228802025318146, 0.04671290144324303, 0.049329113215208054]}, "20": {"ADE": 0.3771101457186752, "FDE": [0.21459242226688385, 0.3368329794561638, 0.4679046695265097, 0.6474506838753785, 0.86382252500046, 1.1063630059098581, 1.3793273462206215, 1.6721557030442202], "coll_score": [0.029237596318125725, 0.03351926431059837, 0.03459640592336655, 0.03574114292860031, 0.03821003437042236, 0.04216432198882103, 0.046464771032333374, 0.049253158271312714]}}, "PEDESTRIAN": {"1": {"ADE": 0.20370050772184867, "FDE": [0.08000400290959675, 0.18883030973134293, 0.3117674255255707, 0.4455581511305708, 0.5895281135370414, 0.7433998532647521, 0.908402431475539, 1.085806098452375], "coll_score": [0.12715592980384827, 0.12806367874145508, 0.12904126942157745, 0.12946023046970367, 0.13455763459205627, 0.13623350858688354, 0.14244815707206726, 0.1423783302307129]}, "2": {"ADE": 0.14172386948302024, "FDE": [0.06392132640758978, 0.1364742275731515, 0.21608926409025014, 0.30303606615854034, 0.3977365188529223, 0.5015758053941359, 0.6132449839911028, 0.733392237885598], "coll_score": [0.12719278037548065, 0.13058516383171082, 0.13195984065532684, 0.13453178107738495, 0.13925687968730927, 0.14162737131118774, 0.14626404643058777, 0.14774161577224731]}, "3": {"ADE": 0.1323136294423331, "FDE": [0.060193371351567174, 0.12627810638943632, 0.19962668188110094, 0.28056473447512564, 0.36885609767561406, 0.4654703312270806, 0.5697890150794386, 0.6815989127188372], "coll_score": [0.12656928598880768, 0.12865303456783295, 0.13057616353034973, 0.1334301233291626, 0.13796375691890717, 0.14108818769454956, 0.14464838802814484, 0.14639584720134735]}, "5": {"ADE": 0.1267421010669138, "FDE": [0.05840280816655079, 0.12079389688801387, 0.1904118537037429, 0.2672779989072995, 0.3514328772747017, 0.4434349706426826, 0.5424147534031932, 0.648729695132905], "coll_score": [0.12690283358097076, 0.1300143152475357, 0.13324391841888428, 0.13608601689338684, 0.14011873304843903, 0.14266759157180786, 0.14512281119823456, 0.14721417427062988]}, "6": {"ADE": 0.12573714782702058, "FDE": [0.05793214322102069, 0.11968912507819479, 0.18864757381492286, 0.2648488813782341, 0.3482568444433505, 0.43942509464947993, 0.5372533419803137, 0.6423576104860365], "coll_score": [0.12707330286502838, 0.1306360810995102, 0.13381068408489227, 0.1364860087633133, 0.1404346376657486, 0.14273332059383392, 0.14557939767837524, 0.14779002964496613]}, "10": {"ADE": 0.1237873564584904, "FDE": [0.057549096046151015, 0.11845774900703068, 0.1862931776537148, 0.2608476815888741, 0.3421565560566542, 0.43104243733342884, 0.5266737311286496, 0.6289634262125916], "coll_score": [0.12692175805568695, 0.13107740879058838, 0.13430440425872803, 0.13684935867786407, 0.14048536121845245, 0.1427820771932602, 0.14525161683559418, 0.147081658244133]}, "20": {"ADE": 0.12199202689967353, "FDE": [0.0571945987677709, 0.11725438603778489, 0.18400239280982228, 0.2570011453918674, 0.33659547896176567, 0.42341481981862966, 0.5166436678980496, 0.6167386119351065], "coll_score": [0.126850426197052, 0.13072659075260162, 0.13401387631893158, 0.13672977685928345, 0.14026446640491486, 0.1427750438451767, 0.1449245810508728, 0.1465407907962799]}}}