{"VEHICLE": {"1": {"ADE": 0.6174458225748808, "FDE": [0.2644695128095534, 0.5015123504643184, 0.7730095140071773, 1.113979446188177, 1.5154270317840177, 1.9701457868396797, 2.4759467289451824, 3.0230296199124], "coll_score": [0.026700202375650406, 0.026942051947116852, 0.027183903381228447, 0.03047305718064308, 0.030860017985105515, 0.034391023218631744, 0.0364709310233593, 0.03869594633579254]}, "2": {"ADE": 0.47021483821450044, "FDE": [0.23365062711039813, 0.4050566797499459, 0.5970440391056334, 0.8399220208209834, 1.1281871633963831, 1.4547409910856435, 1.816744211208468, 2.206745216784103], "coll_score": [0.025163784623146057, 0.02576792798936367, 0.025653399527072906, 0.028965774923563004, 0.030736468732357025, 0.03462476283311844, 0.03761458769440651, 0.04241636022925377]}, "3": {"ADE": 0.4213421517049504, "FDE": [0.2225188146168459, 0.37018374420071265, 0.5319990469854589, 0.7420013545079587, 0.9935826803114575, 1.2774273511319063, 1.594611999435012, 1.9360008316500565], "coll_score": [0.025888554751873016, 0.02594929374754429, 0.02576361782848835, 0.028997842222452164, 0.031133601441979408, 0.03506624698638916, 0.038541313260793686, 0.04355861246585846]}, "5": {"ADE": 0.3901584193844208, "FDE": [0.21710104848679576, 0.35216019731810844, 0.4956463077285051, 0.6837199563400711, 0.9073178972516741, 1.1602395998912864, 1.4441816170393695, 1.7495949393600099], "coll_score": [0.02613016404211521, 0.02673855982720852, 0.026558009907603264, 0.02955136075615883, 0.03184765577316284, 0.036065272986888885, 0.040849342942237854, 0.046133533120155334]}, "6": {"ADE": 0.37022729190761094, "FDE": [0.2129572836702562, 0.3388059624642843, 0.46967108425414295, 0.6441220555113573, 0.85206055693574, 1.0875567286636285, 1.3522992758117511, 1.6375865104772516], "coll_score": [0.02607252448797226, 0.0262837503105402, 0.026229476556181908, 0.02941763401031494, 0.03202081844210625, 0.036197591572999954, 0.04061126336455345, 0.04551216959953308]}, "10": {"ADE": 0.35647728222417707, "FDE": [0.21145215919703503, 0.3323855699709606, 0.455261835805867, 0.6189771693781442, 0.8142220409798535, 1.0348463283813307, 1.2839081659322749, 1.5519492108630515], "coll_score": [0.02646675519645214, 0.026746029034256935, 0.026804722845554352, 0.029793735593557358, 0.032414793968200684, 0.0367019958794117, 0.04103529453277588, 0.04623505845665932]}, "20": {"ADE": 0.35138218589916304, "FDE": [0.2110304111459678, 0.3303086834152197, 0.4502304734240153, 0.6098586531548401, 0.8001339803123774, 1.015131383965414, 1.2570104159707483, 1.5172944541161901], "coll_score": [0.02639554999768734, 0.02671714685857296, 0.026604672893881798, 0.029647966846823692, 0.032284826040267944, 0.0364980474114418, 0.04115777835249901, 0.045781053602695465]}}, "PEDESTRIAN": {"1": {"ADE": 0.16717582238085918, "FDE": [0.07135149297347307, 0.15905450963320134, 0.25769982450454076, 0.36403810553096677, 0.478807485465445, 0.6029005536923919, 0.7346549448986074, 0.876306237618616], "coll_score": [0.1270861029624939, 0.13232316076755524, 0.13546539843082428, 0.1386774629354477, 0.14342573285102844, 0.14754556119441986, 0.15194469690322876, 0.15543606877326965]}, "2": {"ADE": 0.14577903039012072, "FDE": [0.06477640447782393, 0.13949301743951945, 0.22270700330093854, 0.31328767575279426, 0.4116522489514129, 0.5189055007156547, 0.6326551788019015, 0.7556778609386983], "coll_score": [0.127563938498497, 0.1323908120393753, 0.1353117674589157, 0.13909296691417694, 0.14324849843978882, 0.1469534933567047, 0.14979985356330872, 0.1532956063747406]}, "3": {"ADE": 0.13917955577427613, "FDE": [0.06195184909950279, 0.13310512101832733, 0.21209588702779356, 0.29785440204549524, 0.3908151865261836, 0.4924406715866761, 0.6000510230687561, 0.7162359104566047], "coll_score": [0.12772712111473083, 0.13225822150707245, 0.13606543838977814, 0.14033706486225128, 0.14454902708530426, 0.1470472663640976, 0.15051722526550293, 0.15401430428028107]}, "5": {"ADE": 0.1328924444249352, "FDE": [0.05895158217511158, 0.12710911063646999, 0.20219419078976908, 0.2837394370716205, 0.3717534831356799, 0.46767408865175436, 0.5696831860453769, 0.6794723747698076], "coll_score": [0.1282474547624588, 0.13201750814914703, 0.13295400142669678, 0.13546644151210785, 0.13831602036952972, 0.1408667415380478, 0.14380016922950745, 0.1471850425004959]}, "6": {"ADE": 0.13157887149478092, "FDE": [0.058491527180991, 0.1262250943306023, 0.2006254664927054, 0.28124936125298255, 0.3680181079738618, 0.4623493633872306, 0.5624099241242133, 0.6700182176806444], "coll_score": [0.12948817014694214, 0.13130059838294983, 0.12827762961387634, 0.12846024334430695, 0.1294730305671692, 0.13087189197540283, 0.13282527029514313, 0.13591669499874115]}, "10": {"ADE": 0.1290038911734086, "FDE": [0.05802374516741439, 0.12494024337484037, 0.19772601603596265, 0.2761930742267562, 0.36044825281855114, 0.451784813027807, 0.5480611076952112, 0.6510511680614729], "coll_score": [0.12865199148654938, 0.12992466986179352, 0.12638720870018005, 0.1250268667936325, 0.12485812604427338, 0.12552103400230408, 0.12735840678215027, 0.12967714667320251]}, "20": {"ADE": 0.1269155419344809, "FDE": [0.05798923562220809, 0.1242795484916899, 0.19555342305593612, 0.27210502368289463, 0.35416820325150244, 0.4428331039037053, 0.5360721127093815, 0.6358085256412717], "coll_score": [0.12864679098129272, 0.12836408615112305, 0.12044255435466766, 0.11749514192342758, 0.11663941293954849, 0.11631005257368088, 0.11737993359565735, 0.1188623458147049]}}}